{"distances": {"a": [31.889863967895508, 31.537260055541992, 34.943233489990234, 32.18752670288086, 30.941137313842773, 33.303077697753906, 34.14449691772461, 34.96072769165039, 32.31501388549805, 30.52376365661621, 33.46613693237305, 33.15478515625, 34.5068359375, 33.177921295166016, 34.96232986450195, 32.06724548339844, 31.175371170043945, 30.457304000854492, 35.66130828857422, 35.131099700927734, 33.59422302246094, 33.86763000488281, 35.5228157043457, 31.38606071472168, 34.46881866455078, 29.963228225708008, 34.71949005126953, 32.50283432006836, 37.17949676513672, 33.68837356567383], "b": [22.598678588867188, 17.753049850463867, 23.825956344604492, 23.51487159729004, 24.26410484313965, 21.43863296508789, 21.499614715576172, 26.091882705688477, 22.132070541381836, 21.872079849243164, 22.46805763244629, 21.6422061920166, 24.11532974243164, 24.631593704223633, 22.726890563964844, 24.797039031982422, 20.982315063476562, 27.098356246948242, 20.768199920654297, 24.37264060974121, 23.81589126586914, 22.893333435058594, 23.63798713684082, 19.800540924072266, 19.31837272644043, 20.877151489257812, 21.413219451904297, 26.829336166381836, 24.195920944213867, 24.522796630859375], "c": [34.12520980834961, 33.105690002441406, 34.41236114501953, 36.24432373046875, 33.25380325317383, 35.6367073059082, 35.77302169799805, 35.3540153503418, 31.310848236083984, 31.880823135375977, 34.55735778808594, 33.39365005493164, 35.53957748413086, 33.6085205078125, 34.5772819519043, 32.3211669921875, 36.20719528198242, 32.08094024658203, 30.68131446838379, 33.49445343017578, 35.1351432800293, 34.226627349853516, 34.37763214111328, 33.09375, 33.31068420410156, 32.3187255859375, 37.428958892822266, 33.54779052734375, 32.89596939086914, 32.20913314819336], "d": [82.26673889160156, 82.40097045898438, 85.87440490722656, 83.8849105834961, 80.74072265625, 82.7666244506836, 80.26815032958984, 82.4330062866211, 84.01648712158203, 81.39131927490234, 78.29185485839844, 80.5641098022461, 82.4166488647461, 83.36139678955078, 84.09937286376953, 79.65709686279297, 82.48152923583984, 80.30989074707031, 84.44298553466797, 83.3117446899414, 83.21588897705078, 80.5267105102539, 83.18207550048828, 83.71227264404297, 84.81331634521484, 79.19058227539062, 79.02139282226562, 82.0506820678711, 82.44952392578125, 80.36072540283203, 82.25346374511719, 80.22651672363281, 81.4085693359375, 83.28736114501953, 82.42241668701172, 81.95101165771484, 81.91287994384766, 82.71935272216797, 78.7664794921875, 81.37064361572266, 81.60816955566406, 82.64607238769531, 81.59439086914062, 81.20436096191406, 80.98067474365234, 80.59246063232422, 80.431396484375, 83.99114227294922, 81.50827026367188, 81.04937744140625, 82.7017593383789, 85.47705841064453, 81.15533447265625, 82.07398986816406, 83.11996459960938, 81.39791870117188, 83.64002227783203, 83.41354370117188, 82.88750457763672, 84.23078155517578], "e": [83.8334732055664, 84.27898406982422, 82.12672424316406, 81.06034851074219, 83.26309204101562, 85.70597839355469, 83.76082611083984, 85.00325775146484, 83.2211685180664, 87.184814453125, 84.78024291992188, 83.87916564941406, 83.48802185058594, 80.18761444091797, 81.22595977783203, 85.90579223632812, 83.24346160888672, 83.27544403076172, 83.45418548583984, 84.89873504638672, 81.32496643066406, 84.74734497070312, 84.32870483398438, 82.07194519042969, 82.43160247802734, 82.77871704101562, 83.32483673095703, 83.73763275146484, 84.99314880371094, 83.80528259277344, 83.66370391845703, 85.98108673095703, 83.06980895996094, 83.30601501464844, 83.9456558227539, 83.14125061035156, 81.07110595703125, 81.67157745361328, 84.23922729492188, 87.19306945800781, 81.59545135498047, 82.80323028564453, 82.93568420410156, 85.73177337646484, 84.14865112304688, 83.1906967163086, 84.33753204345703, 82.64089965820312, 83.39786529541016, 84.88484191894531, 83.11923217773438, 82.43404388427734, 83.9527816772461, 81.20020294189453, 82.70486450195312, 84.78986358642578, 87.70259094238281, 83.92848205566406, 85.08751678466797, 80.55838775634766], "f": [82.82640838623047, 82.748291015625, 86.67395782470703, 84.19961547851562, 83.6949234008789, 81.3979721069336, 80.76162719726562, 83.44168090820312, 80.50739288330078, 83.9690933227539, 84.9162826538086, 85.66683197021484, 84.58726501464844, 83.18367004394531, 83.5658950805664, 86.31534576416016, 83.89057922363281, 84.4476318359375, 84.40656280517578, 81.11225128173828, 84.4560546875, 83.86831665039062, 84.765625, 83.41650390625, 85.0462417602539, 84.40836334228516, 84.47233581542969, 84.85266876220703, 83.26040649414062, 83.8393325805664, 82.64554595947266, 84.96321868896484, 84.43270874023438, 83.24006652832031, 82.8773193359375, 85.26179504394531, 84.12947845458984, 87.11167907714844, 85.11368560791016, 79.59689331054688, 85.93172454833984, 82.78898620605469, 84.73159790039062, 82.88402557373047, 84.27008056640625, 86.56136322021484, 84.40205383300781, 81.94148254394531, 85.45655059814453, 85.65948486328125, 85.7818832397461, 82.79057312011719, 83.3257064819336, 79.82899475097656, 83.0450668334961, 84.16508483886719, 83.59783172607422, 81.31652069091797, 84.52246856689453, 84.1577377319336]}, "angles": {"cd": [104.67136875098048, 99.10047363669698, 98.22832966004333, 106.3065932937278, 96.26898302159702, 94.1498424168528, 99.66731988980492, 96.59657107130671, 101.00428885452293, 97.49971196387496, 104.36268903730328, 107.45325062159378, 102.84319190727432, 100.0348843057814, 103.78060729435457, 100.9095325914556, 98.53917165673246, 98.03917543099276, 98.80366341475931, 100.7950830149228, 101.96117034882799, 107.14138032413443, 96.5087575388009, 97.62460909916439, 102.58634746396088, 101.03620143374178, 101.43184433010015, 102.02662719340113, 100.99255072463322, 100.09491923921455, 104.17735173963212, 109.14616016497988, 95.61556574999645, 95.88349528504115, 97.88077081485494, 93.75688790461597, 101.99554468900546, 97.82139436238727, 98.18807335726015, 100.09287525768414, 100.64316864254086, 102.91943331066088, 103.35122722574512, 105.07372919707004, 96.10711460357159, 101.04160070732713, 97.63216441315697, 101.58816699103167, 102.66188587662504, 103.30560908458668, 101.32375310223061, 96.64500421838524, 99.75059009541074, 101.02265540876931, 103.32820825680793, 98.75310665116729, 104.45015772578827, 101.42389432857532, 98.44855196043024, 100.41171975078315, 107.67121700916186, 101.56199940264109, 106.27150693330907, 103.94628895767624, 96.29944557609798, 98.79790262623372, 102.1217728992129, 106.12062666337903, 102.69859355562738, 99.32120548369107, 95.27596713289715, 95.51259100895176, 95.69459317036156, 100.3007379964094, 99.24236455535606, 103.03854078056028, 104.5974623794566, 104.58330797615338, 111.60715657408788, 100.03294041304055, 104.17442730387124, 101.1866433530115, 99.30376785611999, 105.35662809954582, 102.86581352756917, 102.65908746778491, 99.30287501762898, 104.250850167223, 103.9512672649875, 103.12669895512242, 97.80336608807086, 102.18925176757479, 95.02494457423656, 94.64915065380367, 98.24986813248006, 105.65843305018058, 101.99742565075321, 98.11780105280663, 100.38773338337067, 98.93247184813144, 97.68162827747715, 103.79185185098206, 96.60672659737044, 97.03656086650244, 104.5556493470256, 106.55416683807745, 105.17938345017217, 100.48060152970834, 100.22309173187273, 102.46875361260103, 97.9429798323858, 99.13374720767821, 103.32282981692865, 98.7951751815951, 100.12381300627797, 105.23234983720307, 99.94224326626065, 105.13875416336477, 95.25197051231657, 96.93704452324926],