{"distances": {"a": [31.840017318725586, 32.423194885253906, 31.88322639465332, 32.450687408447266, 31.60636329650879, 35.09126281738281, 33.15834426879883, 35.20148468017578, 33.052494049072266, 28.96125602722168, 33.6693229675293, 31.47705078125, 35.72677230834961, 34.19378662109375, 33.04570388793945, 34.5134391784668, 31.31641960144043, 31.094932556152344, 33.0308723449707, 33.751953125, 34.11442565917969, 33.41984176635742, 34.70964050292969, 33.19212341308594, 33.359588623046875, 30.11707305908203, 34.280033111572266, 34.103458404541016, 37.01357650756836, 32.367862701416016], "b": [21.540897369384766, 20.355905532836914, 24.070051193237305, 23.593170166015625, 23.119522094726562, 20.839296340942383, 21.075380325317383, 25.303144454956055, 23.81820297241211, 20.801937103271484, 22.643449783325195, 21.880050659179688, 22.684551239013672, 23.79876136779785, 23.312240600585938, 25.095703125, 21.919286727905273, 25.215057373046875, 21.356582641601562, 23.49226951599121, 22.693933486938477, 23.25665855407715, 25.744060516357422, 20.255252838134766, 19.62200927734375, 21.821630477905273, 21.575233459472656, 25.797758102416992, 23.37555694580078, 25.216960906982422], "c": [33.67835998535156, 33.593162536621094, 33.87529373168945, 34.760459899902344, 34.6247444152832, 35.377197265625, 34.70009994506836, 32.71555709838867, 32.7141227722168, 31.378652572631836, 35.087589263916016, 33.22555160522461, 35.39423751831055, 34.628482818603516, 32.431640625, 33.62614059448242, 35.71023178100586, 31.539716720581055, 31.63685417175293, 33.50944137573242, 34.25764846801758, 34.07494354248047, 33.010738372802734, 33.40032958984375, 35.16386413574219, 31.54815673828125, 36.13690185546875, 33.24692153930664, 32.96696472167969, 33.347007751464844], "d": [82.66567993164062, 81.50611114501953, 82.56719970703125, 84.37605285644531, 81.95927429199219, 81.84507751464844, 81.08505249023438, 82.47795867919922, 81.8338623046875, 81.34420013427734, 78.18534088134766, 80.8662109375, 81.16507720947266, 82.01038360595703, 82.10051727294922, 81.17826080322266, 83.51371765136719, 81.59532928466797, 81.96051025390625, 81.19717407226562, 81.48734283447266, 81.38301849365234, 82.93653869628906, 83.55463409423828, 84.34354400634766, 79.31700897216797, 78.00528717041016, 83.79139709472656, 82.48261260986328, 81.11300659179688, 82.18583679199219, 80.2743911743164, 81.78522491455078, 83.44580841064453, 83.44000244140625, 80.64411926269531, 81.51298522949219, 83.56684112548828, 79.14707946777344, 80.0136489868164, 82.92830657958984, 82.80986022949219, 82.63456726074219, 79.41606903076172, 81.38917541503906, 82.18762969970703, 79.6325912475586, 81.75110626220703, 82.44642639160156, 82.41496276855469, 81.82245635986328, 83.75969696044922, 82.00440979003906, 83.3661880493164, 83.66082000732422, 81.79899597167969, 84.2800521850586, 83.31974029541016, 82.47434997558594, 82.03850555419922], "e": [82.1968002319336, 83.39087677001953, 83.11322021484375, 83.58123016357422, 84.30091094970703, 85.76537322998047, 83.03237915039062, 84.04472351074219, 82.007568359375, 86.88665008544922, 84.22279357910156, 83.42961883544922, 83.96297454833984, 80.1119384765625, 80.65245056152344, 85.5088882446289, 82.40415954589844, 84.51190185546875, 82.30782318115234, 85.1834945678711, 81.57991790771484, 86.5401382446289, 83.04953002929688, 82.66808319091797, 81.6848373413086, 83.04931640625, 84.1152114868164, 83.8495864868164, 84.89094543457031, 83.4222640991211, 84.26850891113281, 85.77167510986328, 82.95032501220703, 82.09236145019531, 83.42713165283203, 83.86476135253906, 82.26236724853516, 80.9957275390625, 84.02423858642578, 86.99202728271484, 81.94647979736328, 82.8835678100586, 83.26909637451172, 85.5703125, 84.01879119873047, 82.33084106445312, 83.80687713623047, 84.43341064453125, 83.51596069335938, 84.04410552978516, 82.76746368408203, 83.392822265625, 82.81602478027344, 82.39920043945312, 83.84919738769531, 84.20439147949219, 86.23358154296875, 84.22098541259766, 83.61495208740234, 81.7384033203125], "f": [83.23726654052734, 83.99249267578125, 85.29073333740234, 82.98622131347656, 83.5109634399414, 84.21722412109375, 80.44094848632812, 82.96272277832031, 82.74958038330078, 83.460205078125, 84.19359588623047, 84.35755920410156, 83.95420837402344, 83.36906433105469, 83.9008560180664, 84.27392578125, 83.53152465820312, 84.43108367919922, 84.59107971191406, 82.32673645019531, 82.6856460571289, 84.01323699951172, 84.30458068847656, 86.04879760742188, 84.61080169677734, 84.36774444580078, 85.38639831542969, 83.35503387451172, 82.80796813964844, 84.00545501708984, 82.077392578125, 85.11148834228516, 84.1639633178711, 84.04425811767578, 82.27423858642578, 85.97623443603516, 85.5148696899414, 85.95553588867188, 84.58837127685547, 80.01936340332031, 86.28185272216797, 82.14433288574219, 84.66307067871094, 83.87606811523438, 83.15687561035156, 85.91047668457031, 84.90386962890625, 83.64525604248047, 85.22579193115234, 85.61349487304688, 85.38270568847656, 83.7391586303711, 83.16111755371094, 80.78274536132812, 83.77953338623047, 84.19801330566406, 82.54643249511719, 82.61471557617188, 83.77947235107422, 85.9792709350586]}, "angles": {"cd": [103.05792591740284, 99.18545711689976, 99.68575561213697, 106.17174880817689, 97.52678188952034, 95.95634441605314, 100.74122283469838, 97.76256059594508, 97.80362978475574, 97.41438474197817, 101.94276701433834, 102.41287340219816, 103.19950760855228, 101.23817111505821, 104.76449053473122, 102.94549412118548, 94.78484117955084, 98.21990334374041, 99.16291774875519, 97.78343764885774, 102.83494049700337, 103.72115577496807, 99.52463773225698, 101.17295893474832, 100.36518181816945, 100.24214102577413, 99.6338625775149, 104.61326232408959, 99.88045644085925, 95.9664591304356, 104.17330720476664, 108.39044800467445, 99.99644299923318, 96.45873300964499, 102.0694340391807, 97.6713075765653, 104.94450578910401, 102.15384820519871, 98.16554806341368, 100.01666315337901, 97.85202180989846, 100.9368557598767, 102.24271936539016, 101.61263999099822, 92.09641801234714, 102.08395101719302, 96.92211007747488, 98.74405291185812, 107.50199578177269, 103.95239507457401, 101.99758101616176, 98.63878009217997, 100.4433181160385, 98.92176906740647, 104.01357250483414, 101.98277107999418, 102.51170931989567, 99.3572956196045, 100.32643687625377, 101.29790770552088, 105.57907281054334, 100.39000321183332, 108.70967220292708, 104.24056347614481, 98.38545982643831, 102.59115713812018, 101.161979840298, 103.47206332369923, 100.51542589329307, 100.05693729478875, 97.32462284463983, 91.82696320386528, 95.13013589399218, 99.9558599675245, 97.90970455519953, 100.2587637861347, 102.48035799869686, 103.32517771496464, 110.61826728460169, 102.00587486587925, 103.45971466320324, 104.59650601986712, 99.26628097982889, 105.60084062863893, 101.61142409093743, 98.82889081643732, 100.9519596663883, 102.44108216429301, 100.2839446927396, 103.86727059870435, 100.62266409611792, 102.90458643480964, 96.08469409002824, 95.96879018522178, 98.73338583166611, 104.94090931243817, 99.22871679749153, 96.92169854728184, 100.55184346317624, 97.89633037832989, 97.31826073218035, 103.79092086446981, 97.09358452231872, 97.93999286069783, 103.77066249724645, 105.5197074300341, 102.58973907094189, 99.24983999334057, 101.9272619887074, 102.81497991107561, 101.15715007530065, 103.44874134191032, 106.61685504878228, 99.7918981248423, 101.20567676970572, 104.5688686696594, 99.90386661764144, 103.19892707384538, 98.27153115193823, 97.14730977316248],